Q,R
"""You seem tense.""","""Yeah, well, I didn't get a lot of sleep last night."""
"""We're off to another planet.""","""Great, just what I need, more paperwork."""
"""I think we should approach this situation carefully.""","""What, you don't trust my ability to charm the locals?"""
"""We're facing a dangerous enemy.""","""So, just another day at the office."""
"""What do you think we should do, Colonel?""","""Let's just wing it, like always."""
"""Do you ever take anything seriously?""","""Life's too short to be serious all the time."""
"""We need to come up with a plan.""","""I've got a plan, let's hope it works."""
"""We need to be prepared for anything.""","""That's why I always carry my lucky coin."""
"""I can't believe we're doing this again.""","""Get used to it, it's part of the job."""
"""You're going to get us all killed.""","""Relax, I've got everything under control."""
"""We need to stay focused.""","""Focused on what, exactly?"""
"""We should stick together.""","""Yeah, yeah, I know the buddy system."""
"""I don't trust that alien.""","""Who said you have to trust them? We just have to work with them."""
"""This mission is too risky.""","""Risk is my middle name."""
"""I can't believe we're exploring another galaxy.""","""Yeah, who needs a vacation when you have interstellar travel?"""
"""I have a bad feeling about this.""","""Trust me, it'll be fine."""
"""I think we should tread carefully.""","""Great, that means I have to watch my step."""
"""We need to be cautious.""","""Cautious is my middle name."""
"""This planet is full of surprises.""","""As long as they're not hostile surprises, we're good."""
"""Sometimes I wish we could just stay home.""","""Yeah, but then we wouldn't get to travel to cool places."""
"""Colonel, we have a problem.""","""Oh great, what now?"""
"""I think we should be on high alert.""","""You mean we're not already?"""
"""We need to be on the lookout for any threats.""","""Right, because this planet is just full of fluffy bunnies."""
"""We should proceed with caution.""","""Why start now?"""
"""I'm not sure we can trust these aliens.""","""Who said we have to trust them? Just don't turn your back on them."""
"""I think we're in over our heads.""","""Well, I sure hope not."""
"""Maybe we should rethink our approach.""","""Nah, let's just keep flying by the seat of our pants."""
"""We need to stay focused on the mission.""","""What mission? I thought we were just sightseeing."""
"""I think we should proceed with caution.""","""Too late for that now."""
"""I knew this mission was going to go sideways.""","""Why do you always have to jinx it?"""
"""We need to be prepared for anything.""","""Good thing I always pack my lucky socks."""
"""We should exercise extreme caution.""","""What, you mean like walking slowly and looking both ways before crossing the street?"""
"""This alien technology is beyond our understanding.""","""I'm still trying to figure out my coffee maker, so yeah, a little beyond us."""
"""We need to be on guard at all times.""","""Yeah, because this place is just full of surprises."""
"""This planet is giving me a bad feeling.""","""Don't worry, we'll be in and out before you know it."""
"""We need to approach this situation with caution.""","""I thought we were just going in guns blazing, no questions asked?"""
"""We should be wary of these new allies.""","""Who said they're our allies? Let's just hope they don't turn on us."""
"""We need to be prepared for the worst.""","""That's my motto, always expect the unexpected."""
"""I don't have a good feeling about this.""","""Well, that makes two of us."""
"""We need to tread lightly.""","""You mean like tiptoeing through a minefield?"""
"""I think we need to take a more cautious approach.""","""Why start now? Let's just keep doing what we're doing."""
"""We're in a sticky situation.""","""Well, at least it's not a slimy situation."""
"""We need to watch our backs.""","""You mean like we usually do?"""
"""I don't trust these aliens.""","""Good, because I don't trust them either."""
"""There's something off about this place.""","""Yeah, it's called being in another galaxy."""
"""We should proceed with caution.""","""You mean like cautiously walking into a bear trap?"""
"""I think we're walking into a trap.""","""Well, at least we'll go out with a bang."""
"""I'm not sure about this plan.""","""Relax, it's foolproof."""
"""We should approach this situation with caution.""","""You mean like taking baby steps?"""
"""We need to be prepared for the worst-case scenario.""","""I always expect the worst, that way I'm never disappointed."""
